State,City,?(d), ?(d)
«—ѕ»нб,«—ѕ»нб,38.24974442,48.29428482
«—ѕ»нб,«’б«дѕж“,39.44260406,47.41002274
«—ѕ»нб,¬»н »нРбж,38.28489685,48.55250549
«—ѕ»нб,»нбе ”ж«—,39.37607956,48.34270859
«—ѕ»нб,Б«—” ¬»«ѕ,39.64579391,47.90995026
«—ѕ»нб, «“е ядѕ,39.57558823,48.0163765
«—ѕ»нб, «“е ядѕ«дРж ,39.04096603,47.74365234
«—ѕ»нб,ћЏЁ—¬»«ѕ,39.43317795,48.09788132
«—ѕ»нб,ќбќ«б,37.62075043,48.52736664
«—ѕ»нб,—÷н,38.62902069,48.09450912
«—ѕ»нб,”—Џнд,38.13766861,48.07623291
«—ѕ»нб,Џд»—«д,38.48768997,48.43514252
«—ѕ»нб,Ёќ—¬»«ѕ,38.52298737,47.86167145
«—ѕ»нб,ябж—,37.38945389,48.72290421
«—ѕ»нб,яж—«ннг,37.95056915,48.23551559
«—ѕ»нб,Р—гн,39.01218796,48.08360291
«—ѕ»нб,Рнжн,37.68416214,48.33966827
«—ѕ»нб,б«е—жѕ,38.50733566,47.83047867
«—ѕ»нб,г—«ѕбж,38.74676132,47.74628448
«—ѕ»нб,г‘Рнд ‘е—,38.39718628,47.67258072
«—ѕ»нб,дгнд,38.42364883,48.4808197
«—ѕ»нб,дн—,38.03521729,48.00739288
«—ѕ»нб,е‘ ћнд,37.36382675,48.32458496
«—ѕ»нб,ен—,38.07535553,48.4979744
«’Ёе«д,«»—н‘г,32.5561142,51.57363129
«’Ёе«д,«»ж“нѕ¬»«ѕ,33.90413284,51.76800156
«’Ёе«д,«—ѕ” «д,33.35657883,52.37818527
«’Ёе«д,«Оне,32.44017029,52.3795166
«’Ёе«д,«’Ёе«д,32.57763672,51.6590538
«’Ёе«д,«Ёж”,33.0241394,50.09297943
«’Ёе«д,«д«—я,33.30680084,53.69702911
«’Ёе«д,«нг«д‘е—,32.47034836,51.46138382
«’Ёе«д,¬—«д ж»нѕРб,34.05819702,51.48248672
«’Ёе«д,»«ѕ—жѕ,33.68975067,52.0112648
«’Ёе«д,»«џ »е«ѕ—«д,32.37582016,51.19124222
«’Ёе«д,»«Ё—«д,32.83668137,53.14214325
«’Ёе«д,»—“я,33.7783165,51.23015213
«’Ёе«д,»—Ё «д»«—,32.9958725,50.19388199
«’Ёе«д,»ж∆нд жгн«дѕ‘ ,33.08044434,50.15873337
«’Ёе«д,»е«—«д ‘е—,32.51564407,51.54144287
«’Ёе«д,»е«—” «д,32.48651123,51.77891159
«’Ёе«д,Бн—»я—«д,32.46557617,51.55596161
«’Ёе«д, жѕ‘я,32.72826767,52.6791153
«’Ёе«д, н—«д,32.70440292,51.15317917
«’Ёе«д,ћдѕё,34.04131317,54.41446686
«’Ёе«д,ћж“ѕ«д,32.55489731,51.3718605
«’Ёе«д,ћж‘ё«д жя«гж,33.59946823,51.22826385
«’Ёе«д,Н«ѕР«д,32.77155685,50.62685776
«’Ёе«д,Н—генд,32.33835983,51.19548798
«’Ёе«д,НгР—ѕ«д,32.3935051,51.33535004
«’Ёе«д,Ќ»н» ¬»«ѕ,32.82188797,51.77587128
«’Ёе«д,Ќ”д ¬»«ѕ,32.13663483,52.62354279
«’Ёе«д,Ќд«,31.19758415,51.7256813
«’Ёе«д,ќ«бѕ¬»«ѕ,33.70183563,51.98164368
«’Ёе«д,ќгндн ‘е—,32.68333054,51.53359604
«’Ёе«д,ќж«д”«—,33.21422958,50.31887054
«’Ёе«д,ќж—,33.77181625,55.08384323
«’Ёе«д,ќж—«”Р«д,32.65510178,51.75954819
«’Ёе«д,ќж—“жё,32.77672195,51.64983749
«’Ёе«д,ѕ«—«д,32.9862175,50.40913773
«’Ёе«д,ѕ«где,33.01579285,50.48777008
«’Ёе«д,ѕ—Не Бн«“,32.60448074,51.5477066
«’Ёе«д,ѕ” Р—ѕ,32.80204773,51.66571426
«’Ёе«д,ѕжб  ¬»«ѕ,32.80472946,51.69356155
«’Ёе«д,ѕе«ё«д,31.93313026,51.65417862
«’Ёе«д,ѕеё,33.10338593,50.95917511
«’Ёе«д,ѕн“нНе,32.37792969,51.50416183
«’Ёе«д,—“же,32.83512878,50.56934357
«’Ёе«д,—÷ж«д‘е—,32.69974136,51.10388184
«’Ёе«д,“«ндѕе —жѕ,32.37821579,51.27326202
«’Ёе«д,“—нд ‘е—,32.39413071,51.38589478
«’Ёе«д,“ж«—е,33.44786072,52.48666382
«’Ёе«д,“н»«‘е—,32.37941742,51.56482315
«’Ёе«д,”ѕе бдћ«д,32.37739182,51.31890488
«’Ёе«д,”Ёнѕ‘е—,34.12306213,51.35150146
«’Ёе«д,”Р“н,32.66856384,52.13046646
«’Ёе«д,”гн—г,31.41455269,51.5718689
«’Ёе«д,‘«Бж—¬»«ѕ,32.84542084,51.74332047
«’Ёе«д,‘«енд ‘е—,32.86431885,51.55467606
«’Ёе«д,‘е—÷«,31.97665977,51.84942627
«’Ёе«д,Ў«бќждНе,32.26208496,51.56427765
«’Ёе«д,Џ”Р—«д,32.86352539,50.85219955
«’Ёе«д,ЏбжнНе,33.05480194,51.08145905
«’Ёе«д,Ё—ќн,33.8445816,54.94688034
«’Ёе«д,Ё—нѕжд‘е—,32.93998718,50.13938522
«’Ёе«д,Ёб«ж—ћ«д,32.55626678,51.50629044
«’Ёе«д,Ёжб«ѕ‘е—,32.48953247,51.40736771
«’Ёе«д,ёг’—,33.75201035,51.4306488
«’Ёе«д,ёећ«ж—” «д,32.70313644,51.83500671
«’Ёе«д,ёеѕ—нћ«д,32.57383728,51.45584869
«’Ёе«д,я«‘«д,33.98339462,51.43208313
«’Ёе«д,я—яждѕ,32.3462944,51.43723679
«’Ёе«д,ябн‘«ѕж”жѕ—ћ«д,32.54153824,51.5358963
«’Ёе«д,яг‘Не,32.90576935,51.80904007
«’Ёе«д,яге,31.06146622,51.59358215
«’Ёе«д,яж‘я,32.6400795,51.50010681
«’Ёе«д,яжеБ«не,32.71511078,52.43251801
«’Ёе«д,яе—н“”дР,32.62624741,51.47711563
«’Ёе«д,Р—Р«»,32.86576843,51.59765244
«’Ёе«д,Р“»—ќж«—,32.80460739,51.61882782
«’Ёе«д,РбБ«нР«д,33.45095062,50.28336334
«’Ёе«д,Рбѕ‘ ,32.6299057,51.44271851
«’Ёе«д,Рб‘д,31.9292202,51.75250626
«’Ёе«д,Рб‘е—,33.50588226,50.46561432
«’Ёе«д,РжРѕ,33.47344589,50.34531403
«’Ёе«д,б«н »нѕ,33.4586525,50.69414902
«’Ёе«д,г»«—яе,32.34177399,51.50068283
«’Ёе«д,гЌгѕ¬»«ѕ,32.31945419,52.10391235
«’Ёе«д,г‘я« ,34.17534637,51.26825714
«’Ёе«д,гдў—не,31.94329071,51.87212753
«’Ёе«д,ге«»«ѕ,33.52765656,52.21732712
«’Ёе«д,гнге,33.44674301,51.17034531
«’Ёе«д,д«∆нд,32.86044693,53.09561539
«’Ёе«д,дћЁ ¬»«ѕ,32.63153458,51.35058975
«’Ёе«д,д’—¬»«ѕ,32.27835464,52.06196976
«’Ёе«д,дЎд“,33.50468063,51.9190712
«’Ёе«д,дж‘ ¬»«ѕ,34.08082581,51.43794632
«’Ёе«д,дн«”—,33.97245026,51.14891052
«’Ёе«д,дня ¬»«ѕ,32.30278397,52.20520782
«’Ёе«д,ж—“де,32.4203186,52.65061188
«’Ёе«д,ж—д«гќж«” ,32.35495758,51.38011932
«’Ёе«д,ж“ж«д,33.41989136,51.18333817
«’Ёе«д,ждя,31.52824211,51.32647324
«’Ёе«д,е—дѕ,32.56386185,52.43729019
«б»—“,«‘ е«—ѕ,35.7245903,50.3614769
«б»—“,¬”«—«,36.03144836,51.1738739
«б»—“, дяг«д,35.88940811,50.61488342
«б»—“,Не«—»«џ,35.83815384,50.8479805
«б»—“,”нЁ ¬»«ѕ,35.91147995,50.77053833
«б»—“,‘е—ћѕнѕе‘ Р—ѕ,35.98429489,50.74120331
«б»—“,Ў«бё«д,36.17299652,50.76848984
«б»—“,я—ћ,35.72472,50.95276642
«б»—“,яг«б ‘е—,35.84603882,50.88404846
«б»—“,яже”«—,35.9556694,50.79353333
«б»—“,Р—гѕ—е,35.74454117,51.06885529
«б»—“,г«еѕ‘ ,35.72756195,50.80612946
«б»—“,гЌгѕ‘е—,35.73664474,50.89955139
«б»—“,г‘янд ѕ‘ ,35.74838638,50.94078064
«б»—“,дў—¬»«ѕ,35.95195007,50.60453415
«б»—“,е‘ Р—ѕ,35.95068359,50.68386078
«нб«г,«—яж«“,33.38710785,46.59772491
«нб«г,«нб«г,33.57505417,46.41641617
«нб«г,«нж«д,33.82935333,46.30612946
«нб«г,¬»ѕ«д«д,32.98835373,47.42409515
«нб«г,¬”г«д ¬»«ѕ,33.84938431,46.46562576
«нб«г,»ѕ—е,33.30717087,47.03833008
«нб«г,Бебе,33.01145554,46.88355637
«нб«г, жЌнѕ,33.7268219,47.06829453
«нб«г,Нж«—,33.69190979,46.29715347
«нб«г,ѕ—е ‘е—,33.14948654,47.38166046
«нб«г,ѕбР‘«,33.40571213,46.59428787
«нб«г,ѕеб—«д,32.69020081,47.27085495
«нб«г,“—де,33.92621231,46.1867218
«нб«г,”—«» »«џ,32.8966713,47.57263184
«нб«г,”—«»бе,33.76822662,46.56136703
«нб«г,’«бЌ ¬»«ѕ,33.46877289,46.19106674
«нб«г,бжг«—,33.56718445,46.81135559
«нб«г,гж—гж—н,32.72631836,47.67509842
«нб«г,гж”н«д,32.52018356,47.37707138
«нб«г,ге—«д,33.12202835,46.17288971
«нб«г,гнге,33.22662354,46.91864777
¬–—»«нћ«д ‘—ён,«”яж,37.91778183,46.12446976
¬–—»«нћ«д ‘—ён,«е—,38.47453308,47.07098389
¬–—»«нћ«д ‘—ён,«нбќНн,37.93674088,45.981987
¬–—»«нћ«д ‘—ён,¬»‘ «Ќгѕ,39.04013824,47.31736374
¬–—»«нћ«д ‘—ён,¬–—‘е—,37.76617813,45.97644806
¬–—»«нћ«д ‘—ён,¬ёядѕ,37.25337219,48.06547165
¬–—»«нћ«д ‘—ён,»«”гдћ,37.99435425,46.4747467
¬–—»«нћ«д ‘—ён,»ќ‘«н‘,38.1318512,46.9474678
¬–—»«нћ«д ‘—ён,»” «д ¬»«ѕ,37.83699417,46.83096313
¬–—»«нћ«д ‘—ён,»д«»,37.34558868,46.06620026
¬–—»«нћ«д ‘—ён,»д«» ћѕнѕ,38.42330551,45.90700912
¬–—»«нћ«д ‘—ён, »—н“,38.0792923,46.28915024
¬–—»«нћ«д ‘—ён, —я,37.60768509,47.76818848
¬–—»«нћ«д ‘—ён, —яг«дН«н,37.58044052,47.39145279
¬–—»«нћ«д ‘—ён, ”жћ,38.31055069,45.37041473
¬–—»«нћ«д ‘—ён, няге ѕ«‘,37.72838974,46.9458046
¬–—»«нћ«д ‘—ён,ћбЁ«,38.93476486,45.63887024
¬–—»«нћ«д ‘—ён,ќ«—ж«д«,38.68300247,46.16864014
¬–—»«нћ«д ‘—ён,ќ«где,38.19393921,45.63295746
¬–—»«нћ«д ‘—ён,ќ—«ћж,37.31164932,46.53153229
¬–—»«нћ«д ‘—ён,ќ”—ж‘е—,37.95437241,46.05068588
¬–—»«нћ«д ‘—ён,ќг«—бж,39.14801025,47.03475571
¬–—»«нћ«д ‘—ён,ќж«ће,38.1546936,46.58691025
¬–—»«нћ«д ‘—ён,ѕж“ѕж“«д,37.94933319,47.1199646
¬–—»«нћ«д ‘—ён,“—дё,38.09184265,47.08170319
¬–—»«нћ«д ‘—ён,“дж“,38.58799362,45.83438873
¬–—»«нћ«д ‘—ён,”—«»,37.94099808,47.53533173
¬–—»«нћ«д ‘—ён,”—ѕ—жѕ,38.03178024,46.14791489
¬–—»«нћ«д ‘—ён,”н”,38.19407654,45.81408691
¬–—»«нћ«д ‘—ён,”не —жѕ,38.86951828,46.00170517
¬–—»«нћ«д ‘—ён,‘»” —,38.18050003,45.70139313
¬–—»«нћ«д ‘—ён,‘—»н«д,37.88155365,47.09996033
¬–—»«нћ«д ‘—ён,‘—Ёќ«де,38.17783737,45.49025726
¬–—»«нћ«д ‘—ён,‘дѕ¬»«ѕ,38.14213562,45.62252045
¬–—»«нћ«д ‘—ён,‘е—ћѕнѕ”едѕ,37.94509125,46.12100983
¬–—»«нћ«д ‘—ён,’жЁн«д,38.27862167,45.98161697
¬–—»«нћ«д ‘—ён,Џћ» ‘н—,37.47710037,45.89483261
¬–—»«нћ«д ‘—ён,ё—е ¬џ«ћ,37.1291008,46.97224045
¬–—»«нћ«д ‘—ён,я‘я”—«н,38.46005249,45.56893539
¬–—»«нћ«д ‘—ён,ябж«дё,38.10124969,46.99319077
¬–—»«нћ«д ‘—ён,ябн»—,38.86484909,47.04078293
¬–—»«нћ«д ‘—ён,яж“е яд«д,38.18380356,45.57749176
¬–—»«нћ«д ‘—ён,РжР«д,37.76913452,45.90457153
¬–—»«нћ«д ‘—ён,бнб«д,37.00645065,46.20556641
¬–—»«нћ«д ‘—ён,г—«џе,37.38603592,46.23360443
¬–—»«нћ«д ‘—ён,г—дѕ,38.43193817,45.77204514
¬–—»«нћ«д ‘—ён,гбя«д,37.14253235,46.10037613
¬–—»«нћ«д ‘—ён,ггё«д,37.83863449,45.97155762
¬–—»«нћ«д ‘—ён,ге—»«д,38.08159256,47.13167191
¬–—»«нћ«д ‘—ён,гн«де,37.4207077,47.71635056
¬–—»«нћ«д ‘—ён,дў—яе—н“н,37.34731293,46.76208496
¬–—»«нћ«д ‘—ён,ж«нё«д,38.1308403,45.71278381
¬–—»«нћ«д ‘—ён,ж—“ё«д,38.50870514,46.65034485
¬–—»«нћ«д ‘—ён,е«ѕн‘е—,38.8384285,45.66290665
¬–—»«нћ«д ‘—ён,е—н”,38.24962234,47.11711884
¬–—»«нћ«д ‘—ён,е‘ —жѕ,37.4707756,47.05966949
¬–—»«нћ«д ‘—ён,еж—«дѕ,38.85718918,47.36512756
¬–—»«нћ«д ‘—ён,н«гНн,38.52165985,45.64025879
¬–—»«нћ«д џ—»н,«—жгне,37.53953934,45.05765152
¬–—»«нћ«д џ—»н,«‘джне,37.04021072,45.10004425
¬–—»«нћ«д џ—»н,«нж«жџбн,38.71865463,45.21141052
¬–—»«нћ«д џ—»н,¬ж«ћнё,39.33173752,44.1531105
¬–—»«нћ«д џ—»н,»«—жё,36.9509697,46.31997681
¬–—»«нћ«д џ—»н,»«“—Р«д,39.39423752,44.38668823
¬–—»«нћ«д џ—»н,»жя«д,36.50798798,46.20666122
¬–—»«нћ«д џ—»н,Ббѕ‘ ,39.3478508,45.06837082
¬–—»«нћ«д џ—»н,Бн—«д‘е—,36.69393921,45.14119339
¬–—»«нћ«д џ—»н, «“е ‘е—,38.17576599,44.69081116
¬–—»«нћ«д џ—»н, я«»,36.40422058,47.11016083
¬–—»«нћ«д џ—»н,Не«—»—ћ,37.12577057,45.97556305
¬–—»«нћ«д џ—»н,ќбнЁ«д,36.50708771,45.79647446
¬–—»«нћ«д џ—»н,ќжн,38.52029419,44.95465469
¬–—»«нћ«д џ—»н,ѕн“ћ ѕн“,38.46089554,45.02344513
¬–—»«нћ«д џ—»н,—»Ў,36.21127319,45.55174255
¬–—»«нћ«д џ—»н,”—ѕ‘ ,36.15399551,45.47911453
¬–—»«нћ«д џ—»н,”—ж,37.72273254,44.65042877
¬–—»«нћ«д џ—»н,”бг«”,38.1987381,44.76602936
¬–—»«нћ«д џ—»н,”нбж«де,37.42242813,44.85132217
¬–—»«нћ«д џ—»н,”нгнде,36.72569656,46.15306854
¬–—»«нћ«д џ—»н,”не Н‘ге,39.06917953,44.3874588
¬–—»«нћ«д џ—»н,‘«енд ѕО,36.67921448,46.56646347
¬–—»«нћ«д џ—»н,‘жЎ,39.21812439,44.77112198
¬–—»«нћ«д џ—»н,Ён—ж—ё,38.57778168,44.8367157
¬–—»«нћ«д џ—»н,ё—е ÷н«Ѕ«бѕнд,38.88854218,45.02517319
¬–—»«нћ«д џ—»н,ёЎж—,38.47347641,44.40570068
¬–—»«нћ«д џ—»н,ёж‘Нн,37.99120712,45.03787613
¬–—»«нћ«д џ—»н,я‘«ж—“,36.83474731,46.35843277
¬–—»«нћ«д џ—»н,Р—ѕя‘«де,36.81188965,45.27393723
¬–—»«нћ«д џ—»н,г«яж,39.2921524,44.49243546
¬–—»«нћ«д џ—»н,гЌгѕн«—,36.98139954,45.5221405
¬–—»«нћ«д џ—»н,гЌгжѕ¬»«ѕ,36.71187592,46.51900864
¬–—»«нћ«д џ—»н,ге«»«ѕ,36.77022171,45.72841263
¬–—»«нћ«д џ—»н,гн«дѕж¬»,36.96496201,46.1059494
¬–—»«нћ«д џ—»н,гн—¬»«ѕ,36.4030838,45.37486649
¬–—»«нћ«д џ—»н,д«бж”,36.98450851,45.1431427
¬–—»«нћ«д џ—»н,дёѕе,36.9533844,45.38890457
¬–—»«нћ«д џ—»н,дж‘нд,37.73433685,45.05229187
»ж‘е—,«г«г Ќ”д,29.83965492,50.2638855
»ж‘е—,«д«—” «д,28.0325489,52.06646729
»ж‘е—,«е—г,28.88422394,51.27869415
»ж‘е—,¬»Бќ‘,29.35378647,51.06462097
»ж‘е—,¬»ѕ«д,28.07392883,51.77064514
»ж‘е—,»—«“ћ«д,29.2707119,51.21670914
»ж‘е—,»—ѕќжд,28.06385231,51.47783661
»ж‘е—,»—ѕ” «д,27.87148285,51.95964432
»ж‘е—,»дѕ—ѕн—,27.83905983,51.93501282
»ж‘е—,»дѕ—ѕнбг,30.05228233,50.16318893
»ж‘е—,»дѕ——нР,29.4879055,50.62647629
»ж‘е—,»дѕ—ядР«д,27.83776283,52.06179428
»ж‘е—,»дѕ—Рд«же,29.57365417,50.51854324
»ж‘е—,»дя,27.87168884,52.02739716
»ж‘е—,»ж‘е—,28.92142677,50.83766937
»ж‘е—, дР «—г,29.15369034,51.52742004
»ж‘е—,ћг,27.82435226,52.34095001
»ж‘е—,Нџ«ѕя,28.98757172,51.02501678
»ж‘е—,ќ«—я,29.23805237,50.31930542
»ж‘е—,ќж—гжћ,28.62718201,51.38252258
»ж‘е—,ѕ«бян,29.42924118,51.29114914
»ж‘е—,ѕбж«—,28.74599457,51.0701828
»ж‘е—,—н“,28.05557632,52.07707977
»ж‘е—,”Џѕ¬»«ѕ,29.38419533,51.116642
»ж‘е—,”н—«Ё,27.66817284,52.33884811
»ж‘е—,‘»«дя«—е,29.47254372,50.99406433
»ж‘е—,‘д»е,28.39498138,51.76403046
»ж‘е—,Џ”бжне,27.47576141,52.60810852
»ж‘е—,я«ян,28.34020996,51.52267838
»ж‘е—,ябге,28.94351768,51.45933151
»ж‘е—,дќб  ён,27.497015,52.58398819
»ж‘е—,жЌѕ не,29.48295784,51.23637772
 е—«д,«—ћгдѕ,35.81401825,52.51382446
 е—«д,«”б«г‘е—,35.50104523,51.22554779
 е—«д,«дѕн‘е,35.68739319,51.02239227
 е—«д,¬»”—ѕ,35.62170792,52.15012741
 е—«д,¬»Џбн,35.75962448,51.96295929
 е—«д,»«џ” «д,35.634552,51.13315201
 е—«д,»«ё—‘е—,35.52624512,51.40306091
 е—«д,»жгед,35.72784805,51.86883163
 е—«д,Б«яѕ‘ ,35.47431183,51.67570114
 е—«д,Б—ѕн”,35.74234772,51.82140732
 е—«д,Бн‘ж«,35.30555344,51.72243881
 е—«д, ћ—н‘,35.81037903,51.46475983
 е—«д, е—«д,35.70290756,51.34975815
 е—«д,ћж«ѕ¬»«ѕ,35.21086121,51.67318344
 е—«д,Не«—ѕ«дРе,35.59637451,51.30456543
 е—«д,Ќ”д ¬»«ѕ,35.36765671,51.24298859
 е—«д,ѕг«ждѕ,35.69395447,52.04721832
 е—«д,—»«Ў я—нг,35.48320007,51.07991409
 е—«д,—жѕед,35.73760986,51.91042328
 е—«д,—н,35.60319138,51.43870926
 е—«д,‘«еѕ‘е—,35.57186127,51.08738327
 е—«д,‘—нЁ ¬»«ѕ,35.42234039,51.78591919
 е—«д,‘е—н«—,35.63301468,51.05970383
 е—«д,’«бЌ ¬»«ѕ,35.50494003,51.18913651
 е—«д,’»«‘е—,35.57875824,51.11426544
 е—«д,’Ё«ѕ‘ ,35.69135284,50.84069443
 е—«д,Ё—ѕж”не,35.60192871,51.06320953
 е—«д,Ё—жд ¬»«ѕ,35.50527191,51.62708282
 е—«д,Ё‘г,35.9017334,51.51983643
 е—«д,Ён—ж“яже,35.75455856,52.77387238
 е—«д,ёѕ”,35.71248245,51.11289215
 е—«д,ё—Ня,35.41579437,51.58667374
 е—«д,яе—н“я,35.52381516,51.35510254
 е—«д,янб«д,35.55614853,52.16287231
 е—«д,Рб” «д,35.51601028,51.16218948
 е—«д,бж«”«д,35.81940079,51.63729095
 е—«д,гб«—ѕ,35.65470123,50.97917557
 е—«д,д”нг ‘е—,35.55868912,51.16949081
 е—«д,д’н—¬»«ѕ,35.4901886,51.14104462
 е—«д,жЌнѕне,35.60522079,51.02610397
 е—«д,ж—«гнд,35.32939529,51.63468552
Не«—гЌ«б ж»ќ н«—н,«—ѕб,31.99786568,50.66145325
Не«—гЌ«б ж»ќ н«—н,¬бждн,31.55220413,51.05701447
Не«—гЌ«б ж»ќ н«—н,»«»«Ќнѕ—,32.32894516,50.46887589
Не«—гЌ«б ж»ќ н«—н,»—жћд,31.96679497,51.2894249
Не«—гЌ«б ж»ќ н«—н,»бѕ«ћн,31.93704224,51.0526123
Не«—гЌ«б ж»ќ н«—н,»д,32.54278183,50.74620819
Не«—гЌ«б ж»ќ н«—н,ћждё«д,32.14295578,50.68659973
Не«—гЌ«б ж»ќ н«—н,НбР—ѕ,32.46727753,50.13004303
Не«—гЌ«б ж»ќ н«—н,”«г«д,32.45157623,50.91045761
Не«—гЌ«б ж»ќ н«—н,”Ёнѕѕ‘ ,32.12977219,51.18287659
Не«—гЌ«б ж»ќ н«—н,”жѕћ«д,32.52112579,50.40035629
Не«—гЌ«б ж»ќ н«—н,”ж—‘ћ«д,32.31581497,50.67885208
Не«—гЌ«б ж»ќ н«—н,‘бг“«—,32.04661942,50.81704712
Не«—гЌ«б ж»ќ н«—н,‘е—я—ѕ,32.31618118,50.85820389
Не«—гЌ«б ж»ќ н«—н,Ў«ё«дя,32.22312546,50.83694077
Не«—гЌ«б ж»ќ н«—н,Ё«—”«д,32.25729752,50.56567764
Не«—гЌ«б ж»ќ н«—н,Ё—«ѕд»е,32.00857162,51.21474838
Не«—гЌ«б ж»ќ н«—н,Ё—ќ ‘е—,32.273983,50.97294617
Не«—гЌ«б ж»ќ н«—н,ян«д,32.28331375,50.88917542
Не«—гЌ«б ж»ќ н«—н,Рдѕг«д,31.86305046,51.15338516
Не«—гЌ«б ж»ќ н«—н,Ре—ж,32.00152588,50.88628769
Не«—гЌ«б ж»ќ н«—н,б—ѕР«д,31.51081848,50.83008957
Не«—гЌ«б ж»ќ н«—н,г«б ќбнЁе,31.28985977,51.26540756
Не«—гЌ«б ж»ќ н«—н,д«џ«д,31.93432236,50.73060226
Не«—гЌ«б ж»ќ н«—н,д«ЁН,32.42409515,50.78843689
Не«—гЌ«б ж»ќ н«—н,дёде,31.93233681,51.32884216
Не«—гЌ«б ж»ќ н«—н,еЁ‘ћ«д,32.22559357,50.79463196
ќ—«”«д ћдж»н,«—”я,33.70366669,57.37181854
ќ—«”«д ћдж»н,«”ѕне,32.91592789,60.02449036
ќ—«”«д ћдж»н,«”Ёѕд,33.64526749,59.77878571
ќ—«”«д ћдж»н,«”б«гне,34.04231262,58.22000885
ќ—«”«д ћдж»н,¬—нд ‘е—,33.33110046,59.23299789
ќ—«”«д ћдж»н,¬н”я,33.88665009,58.38159561
ќ—«”«д ћдж»н,»‘—жне,33.85281372,57.42244339
ќ—«”«д ћдж»н,»н—ћдѕ,32.85693359,59.21954727
ќ—«”«д ћдж»н,Ќ«ћн ¬»«ѕ,33.60467529,59.99753571
ќ—«”«д ћдж»н,ќ÷—н ѕ‘  »н«÷,34.02294922,58.80654144
ќ—«”«д ћдж»н,ќж”Ё,32.77917099,58.88586426
ќ—«”«д ћдж»н,“е«д,33.41973877,59.8108902
ќ—«”«д ћдж»н,”—«н«д,33.86037445,58.52231979
ќ—«”«д ћдж»н,”—»н‘е,32.5763588,59.79834747
ќ—«”«д ћдж»н,”е ёбЏе,33.66646957,58.39940262
ќ—«”«д ћдж»н,‘ж”Ё,31.8033371,60.00886917
ќ—«”«д ћдж»н,Ў»” г”нд«,32.80108261,60.22293854
ќ—«”«д ћдж»н,Ё—ѕж”,34.01807785,58.17238617
ќ—«”«д ћдж»н,ё«∆д,33.72944641,59.18090439
ќ—«”«д ћдж»н,ёе” «д,33.14633179,59.71578979
ќ—«”«д ћдж»н,Р“ня,33.00030136,60.22256088
ќ—«”«д ћдж»н,гЌгѕ‘е—,32.87498474,59.01773453
ќ—«”«д ћдж»н,гжѕ,32.7053299,59.52415085
ќ—«”«д ћдж»н,де»дѕ«д,31.54078674,60.03780746
ќ—«”«д ћдж»н,днг»бжя,33.90110016,58.92943192
ќ—«”«д —÷жн,«Ќгѕ¬»«ѕ’жб ,35.11553955,60.68938065
ќ—«”«д —÷жн,«д«»ѕ,35.25112152,57.80986023
ќ—«”«д —÷жн,»«ћРн—«д,37.62411499,58.41529083
ќ—«”«д —÷жн,»«ќ—“,34.98329163,60.3187561
ќ—«”«д —÷жн,»«—,36.48887634,58.71915436
ќ—«”«д —÷жн,»«нР,35.37513733,59.03970718
ќ—«”«д —÷жн,»ћ” «д,34.51548767,58.18186188
ќ—«”«д —÷жн,»—ѕ”яд,35.26028061,57.97204971
ќ—«”«д —÷жн,»нѕќ ,34.34629059,58.75733566
ќ—«”«д —÷жн, «н»«ѕ,34.73983765,60.77713776
ќ—«”«д —÷жн, —»  ћ«г,35.24164581,60.62161636
ќ—«”«д —÷жн, —»  Ќнѕ—не,35.27845764,59.21302032
ќ—«”«д —÷жн,ћџ «н,36.63965225,57.07720566
ќ—«”«д —÷жн,ћдРб,34.70163727,59.22346878
ќ—«”«д —÷жн,Н«Б‘бж,37.34742355,59.07718277
ќ—«”«д —÷жн,Няде,36.81797028,58.50419617
ќ—«”«д —÷жн,Нд«—«д,36.64228058,59.12083817
ќ—«”«д —÷жн,ќ—ж,36.13648987,59.02706909
ќ—«”«д —÷жн,ќбнб ¬»«ѕ,35.24498749,58.28516388
ќ—«”«д —÷жн,ќж«Ё,34.56286621,60.14429474
ќ—«”«д —÷жн,ѕ«ж—“д,36.35125732,56.87804031
ќ—«”«д —÷жн,ѕ—Р“,37.44475174,59.10571289
ќ—«”«д —÷жн,ѕ—жѕ,36.13573837,59.11236954
ќ—«”«д —÷жн,ѕжб  ¬»«ѕ,35.2820816,59.52212143
ќ—«”«д —÷жн,—»«Ў ”дР,35.54469681,59.19417953
ќ—«”«д —÷жн,—‘ ќж«—,34.97506714,59.62304688
ќ—«”«д —÷жн,—÷жне,36.20550156,59.76985168
ќ—«”«д —÷жн,—жѕ«»,36.02081299,57.31240463
ќ—«”«д —÷жн,—нж‘,35.47652435,58.46169281
ќ—«”«д —÷жн,”»“ж«—,36.20921326,57.68231964
ќ—«”«д —÷жн,”—ќ”,36.54865646,61.14860153
ќ—«”«д —÷жн,”Ёнѕ”дР,35.66009521,60.09333038
ќ—«”«д —÷жн,”б«гн,34.74436951,59.97647095
ќ—«”«д —÷жн,”бЎ«д ¬»«ѕ,36.4027977,58.03989029
ќ—«”«д —÷жн,”дР«д,34.39777374,60.25547791
ќ—«”«д —÷жн,‘«ѕге—,35.17341995,59.03796387
ќ—«”«д —÷жн,‘«дѕн“,36.39521408,59.29819489
ќ—«”«д —÷жн,‘‘ гѕ,35.95957947,57.77022552
ќ—«”«д —÷жн,‘е—¬»«ѕ,35.14691162,57.93487167
ќ—«”«д —÷жн,‘е—“ж,36.74603653,59.92428207
ќ—«”«д —÷жн,’«бЌ ¬»«ѕ,35.6879921,61.0904541
ќ—«”«д —÷жн,Ў—ё»е,36.3042984,59.37632751
ќ—«”«д —÷жн,Џ‘ё ¬»«ѕ,36.03941727,58.68320847
ќ—«”«д —÷жн,Ё—е«ѕР—ѕ,35.75182724,59.7298851
ќ—«”«д —÷жн,Ё—нг«д,35.7040329,59.84827805
ќ—«”«д —÷жн,Ён—ж“е,36.28560638,58.58901978
ќ—«”«д —÷жн,Ён÷ ¬»«ѕ,35.01462173,58.7751236
ќ—«”«д —÷жн,ё«”г ¬»«ѕ,34.35560226,59.86196899
ќ—«”«д —÷жн,ёѕгР«е,36.10589218,59.06046677
ќ—«”«д —÷жн,ёбдѕ—¬»«ѕ,35.59896851,59.95104218
ќ—«”«д —÷жн,ёжН«д,37.1023674,58.51087189
ќ—«”«д —÷жн,я«ќя,34.14867401,58.64451218
ќ—«”«д —÷жн,я«—н“,34.81363678,60.82538223
ќ—«”«д —÷жн,я«‘г—,35.2427597,58.45988083
ќ—«”«д —÷жн,яѕяд,35.5858345,58.8789711
ќ—«”«д —÷жн,яб« ,36.99456024,59.74988174
ќ—«”«д —÷жн,ядѕ—,35.21245956,58.15077972
ќ—«”«д —÷жн,Рбгя«д,36.48210526,59.15949249
ќ—«”«д —÷жн,Рд«»«ѕ,34.35174942,58.68571091
ќ—«”«д —÷жн,бЎЁ ¬»«ѕ,37.51523209,59.33473206
ќ—«”«д —÷жн,г“ѕ¬ждѕ,36.15465164,60.52762985
ќ—«”«д —÷жн,г‘еѕ,36.31043243,59.57567215
ќ—«”«д —÷жн,г‘еѕ—н“е,34.7951889,60.50761795
ќ—«”«д —÷жн,гбя ¬»«ѕ,35.99659729,59.59358597
ќ—«”«д —÷жн,д‘ нЁ«д,34.4343605,60.17642212
ќ—«”«д —÷жн,д’—¬»«ѕ,35.41807556,60.31539917
ќ—«”«д —÷жн,дё«»,36.70854568,57.40815735
ќ—«”«д —÷жн,джќдѕ«д,37.51934814,58.98891449
ќ—«”«д —÷жн,дн‘«»ж—,36.2079277,58.79402924
ќ—«”«д —÷жн,днб ‘е—,35.12285614,60.77313232
ќ—«”«д —÷жн,ег  ¬»«ѕ,36.2977829,58.4641571
ќ—«”«д —÷жн,нжд”н,34.80538177,58.4372139
ќ—«”«д ‘г«бн,«”Ё—«нд,37.07266617,57.50966263
ќ—«”«д ‘г«бн,«нж—,36.96881104,56.26078415
ќ—«”«д ‘г«бн,¬‘ќ«де,37.55817795,56.92396164
ќ—«”«д ‘г«бн,»ћдж—ѕ,37.44678879,57.32745743
ќ—«”«д ‘г«бн,Бн‘ ёбЏе,37.64860153,57.00147629
ќ—«”«д ‘г«бн, н я«дбж,37.28055573,58.28951263
ќ—«”«д ‘г«бн,ћ«ћ—г,36.9556427,56.35777664
ќ—«”«д ‘г«бн,Ќ’«—Р—гќ«д,37.51585388,57.48488617
ќ—«”«д ‘г«бн,ѕ—ё,36.97206879,56.21450043
ќ—«”«д ‘г«бн,—«“,37.93445587,57.10754776
ќ—«”«д ‘г«бн,”дќж«” ,37.09990311,56.85155869
ќ—«”«д ‘г«бн,‘жё«д,37.34163666,56.88708115
ќ—«”«д ‘г«бн,‘н—ж«д,37.40151596,57.92416763
ќ—«”«д ‘г«бн,’Ён ¬»«ѕ,36.69550323,57.92702484
ќ—«”«д ‘г«бн,Ё«—жћ,37.22369385,58.2189064
ќ—«”«д ‘г«бн,ё«÷н,37.49500656,56.74865723
ќ—«”«д ‘г«бн,Р—ге,36.97851944,56.30154037
ќ—«”«д ‘г«бн,бжћбн,37.60704041,57.8576355
ќж“” «д,«—ждѕяд«—,29.97808266,48.51682663
ќж“” «д,«бж«д,31.87410164,48.34111404
ќж“” «д,«гнѕне,30.7556076,49.71224976
ќж“” «д,«дѕнг‘я,32.42464447,48.37310028
ќж“” «д,«еж«“,31.24201393,48.67127228
ќж“” «д,«н–е,31.83068466,49.86493683
ќж“” «д,¬»«ѕ«д,30.35600853,48.28005219
ќж“” «д,¬џ«ћ«—н,30.69972038,49.82976913
ќж“” «д,»«џ гбя,31.51330566,49.8904953
ќж“” «д,»” «д,31.72163963,47.98114777
ќж“” «д,»дѕ—«г«г ќгндн,30.43869972,49.07567215
ќж“” «д,»дѕ—г«е‘е—,30.46946907,49.18000793
ќж“” «д,»е»е«д,30.59626389,50.24160767
ќж“” «д, —я«бян,32.24267578,48.84632111
ќж“” «д,ћ«н“«д,30.87495041,49.85443497
ќж“” «д,ћд  гя«д,32.1843071,48.81614685
ќж“” «д,Нџ«гн‘,32.20948029,48.54555511
ќж“” «д,Нг—«д,30.71356392,49.17686844
ќж“” «д,Нж∆»ѕе,30.20004654,48.55318832
ќж“” «д,Ќ—,32.14421844,48.39052582
ќж“” «д,Ќ”ндне,32.66335297,48.24562073
ќж“” «д,Ќг“е,32.39622498,48.5785408
ќж“” «д,Ќгнѕне,31.48162079,48.43239975
ќж“” «д,ќ—г‘е—,30.4448185,48.17879105
ќж“” «д,ѕ«—ќжнд,30.74493217,48.42924881
ќж“” «д,ѕ“¬»,32.28790665,48.42823792
ќж“” «д,ѕ“Ёжб,32.37889481,48.41930008
ќж“” «д,ѕеѕ“,31.70995522,50.28852844
ќж“” «д,—«г‘н—,30.89275551,49.40882874
ќж“” «д,—«ге—г“,31.25921631,49.60531235
ќж“” «д,—ЁнЏ,31.597435,47.89417267
ќж“” «д,“е—е,30.46815491,49.6830101
ќж“” «д,”«бдѕ,32.49406815,48.83433533
ќж“” «д,”—ѕ‘ ,30.32780647,50.21788025
ќж“” «д,”г«бе,32.19401169,48.85775375
ќж“” «д,”ж”дР—ѕ,31.55861473,48.18958664
ќж“” «д,‘«ѕР«д,30.64126205,48.66353607
ќж“” «д,‘«жж—,32.0586853,48.3008728
ќж“” «д,‘—«Ё ,32.08808136,48.76771927
ќж“” «д,‘ж‘,32.20674515,48.25742722
ќж“” «д,‘ж‘ —,32.05464172,48.8347168
ќж“” «д,‘н»«д,31.38457489,48.78711319
ќж“” «д,’«бЌ ‘е—,32.21367264,48.67218399
ќж“” «д,’«бЌ г‘ЎЎ,32.31357956,48.14806747
ќж“” «д,’Ён ¬»«ѕ,32.2478447,48.42150879
ќж“” «д,’нѕжд,31.36574364,50.0813942
ќж“” «д,ёбЏе  б,31.63149834,49.89017868
ќж“” «д,ёбЏе ќж«ће,32.20529938,49.44870377
ќж“” «д,Р ждѕ,32.24721527,48.81782532
ќж“” «д,Рж—не,31.85664177,48.75579071
ќж“” «д,б«бн,32.32981873,49.09298325
ќж“” «д,г”ћѕ”бнг«д,31.96466255,49.28633881
ќж“” «д,г‘—«Ре,31.01070213,49.43793869
ќж“” «д,гё«жг ,30.40689087,48.19532776
ќж“” «д,гб«Ћ«дн,31.58534813,48.88701248
ќж“” «д,гн«д—жѕ,32.22786713,48.42446136
ќж“” «д,гнѕ«жѕ,31.37246704,49.81366348
ќж“” «д,гндж‘е—,30.36065483,48.21039581
ќж“” «д,жн”,31.48414421,48.8745079
ќж“” «д,еЁ Рб,31.44567871,49.53313828
ќж“” «д,едѕнћ«д,30.22368622,49.71139908
ќж“” «д,ежн“е,31.46068192,48.07748795
“дћ«д,«»е—,36.13613129,49.22454453
“дћ«д,«—гџ«дќ«де,36.97814941,48.37194061
“дћ«д,¬» »—,36.92785263,48.95616531
“дћ«д,Нж—“ё,36.99287796,48.77852631
“дћ«д,Ќб»,36.29621124,48.06386185
“дћ«д,ќ—гѕ—е,36.2114563,49.19538879
“дћ«д,ѕдѕн,36.55109406,47.62024307
“дћ«д,“—нд ¬»«ѕ,36.42923355,48.27695084
“дћ«д,“—нд —жѕ,35.75621796,48.48109055
“дћ«д,“дћ«д,36.67955399,48.49299622
“дћ«д,”ћ«”,36.24058914,48.55308533
“дћ«д,”бЎ«дне,36.4336319,48.79550552
“дћ«д,”е—ж—ѕ,36.07280731,48.43910217
“дћ«д,’«∆нд ёбЏе,36.30476761,49.07235336
“дћ«д,ёнѕ«—,36.10856628,48.58998871
“дћ«д,Р—г«»,35.84553909,48.20112228
“дћ«д,г«е д‘«д,36.74358368,47.67064667
“дћ«д,енѕћ,36.25403976,49.12958527
”гд«д,«гн—не,36.02804947,54.14220428
”гд«д,«нж«дян,35.34497452,52.06897736
”гд«д,¬—«ѕ«д,35.25164795,52.49753952
”гд«д,»”Ў«г,36.48446274,55.00090027
”гд«д,»н«—ћгдѕ,36.07866669,55.80743027
”гд«д,ѕ«гџ«д,36.16519928,54.344841
”гд«д,ѕ—ћ“нд,35.64560699,53.33364105
”гд«д,ѕн»«ћ,36.43052292,54.22891235
”гд«д,”—ќе,35.46372604,53.21035767
”гд«д,”гд«д,35.57711411,53.38192749
”гд«д,‘«е—жѕ,36.41208649,54.9724617
”гд«д,‘егн—“«ѕ,35.77023315,53.33358383
”гд«д,яб« е ќнћ,36.67056274,55.30048752
”гд«д,Р—г”«—,35.21782303,52.33362579
”гд«д,гћд,36.48022079,54.64797974
”гд«д,геѕн ‘е—,35.69964981,53.34587097
”гд«д,гн«гн,36.40932465,55.65165329
”н” «д ж»бжН” «д,«ѕнгн,31.11745262,61.40764236
”н” «д ж»бжН” «д,«”Бяе,26.83735847,60.17232513
”н” «д ж»бжН” «д,«н—«д‘е—,27.20416451,60.67512894
”н” «д ж»бжН” «д,»“г«д,27.85034561,60.1754837
”н” «д ж»бжН” «д,»гБж—,27.19374084,60.45621872
”н” «д ж»бжН” «д,»д ,26.28682327,59.52267075
”н” «д ж»бжН” «д,»дћ«—,31.04289436,61.56745148
”н” «д ж»бжН” «д,Бн‘нд,26.07985497,61.74840164
”н” «д ж»бжН” «д,ћ«бё,27.58278656,62.70072556
”н” «д ж»бжН” «д,Н«е »е«—,25.29451942,60.64770126
”н” «д ж»бжН” «д,ќ«‘,28.20943642,61.20286179
”н” «д ж»бжН” «д,ѕж”  гЌгѕ,31.14273262,61.79280853
”н” «д ж»бжН” «д,—«”я,26.23325157,61.40544128
”н” «д ж»бжН” «д,“«»б,31.00886726,61.49380875
”н” «д ж»бжН” «д,“«»бн,27.11458778,61.67259979
”н” «д ж»бжН” «д,“«еѕ«д,29.48213577,60.85205078
”н” «д ж»бжН” «д,“—¬»«ѕ,25.5872364,59.39628983
”н” «д ж»бжН” «д,“ея,30.89316177,61.68292618
”н” «д ж»бжН” «д,”—«ж«д,27.36134338,62.33307266
”н” «д ж»бжН” «д,”—»«“,26.63323593,61.25806046
”н” «д ж»бжН” «д,”ж—«д,27.28602982,61.99488068
”н” «д ж»бжН” «д,”н—я«д,26.82987213,62.63848114
”н” «д ж»бжН” «д,Џбн «я»—,30.93907928,61.32796478
”н” «д ж»бжН” «д,Ёджћ,26.57572746,59.6449852
”н” «д ж»бжН” «д,ё’—ёдѕ,26.2130394,60.74167633
”н” «д ж»бжН” «д,яд«—я,25.35951996,60.39698029
”н” «д ж»бжН” «д,Р‘ ,27.78860664,61.95108795
”н” «д ж»бжН” «д,Рбгж— н,27.48122978,59.44732285
”н” «д ж»бжН” «д,гЌгѕ«д,27.19989777,60.56081772
”н” «д ж»бжН” «д,гЌгѕ¬»«ѕ,30.87292671,61.46186447
”н” «д ж»бжН” «д,гЌгѕн,27.32683372,62.39016724
”н” «д ж»бжН” «д,гн—ћ«же,29.01564407,61.44954681
”н” «д ж»бжН” «д,д’—  ¬»«ѕ,29.85798264,59.97365952
”н” «д ж»бжН” «д,дРж—,25.38880539,61.13994217
”н” «д ж»бжН” «д,джя ¬»«ѕ,28.53910828,60.75888062
”н” «д ж»бжН” «д,дня ‘е—,26.23455238,60.22686005
”н” «д ж»бжН” «д,енѕжћ,27.00206184,62.11936951
Ё«—”,«—ѕя«д,30.2320652,51.99205017
Ё«—”,«—”дћ«д,29.90981102,53.30069733
Ё«—”,«” е»«д,29.12606621,54.04462814
Ё«—”,«”н—,27.72283173,52.66568756
Ё«—”,«‘яд«д,27.22553635,53.60817337
Ё«—”,«Ё“—,28.3462944,52.96562576
Ё«—”,«ёбнѕ,30.90192032,52.70526123
Ё«—”,«г«г ‘е—,28.44523621,53.15060425
Ё«—”,«ж“,27.75788116,54.01237869
Ё«—”,«еб,27.21099472,53.65979385
Ё«—”,«нћ,29.02017212,54.24538422
Ё«—”,«н“ѕќж«” ,31.51700974,52.12493515
Ё«—”,¬»«ѕе,31.14298248,52.65011597
Ё«—”,¬»«ѕе Ў‘я,29.80986214,53.73068619
Ё«—”,»«» «д«—,28.96844482,53.20914459
Ё«—”,»«б«ѕе,29.28499222,51.9389267
Ё«—”,»д«—жне,28.08661079,54.04563141
Ё«—”,»ж«д« ,30.46093559,53.63896561
Ё«—”,»егд,31.19485855,52.4853096
Ё«—”,»н—г,27.43091202,53.51512146
Ё«—”,»н÷«,29.97089386,52.39775848
Ё«—”,ћд  ‘е—,28.65347481,54.68517685
Ё«—”,ћжнг,28.26154518,53.97995377
Ё«—”,ће—г,28.49491882,53.5668869
Ё«—”,Ќ«ћн ¬»«ѕ,28.35749626,54.42031479
Ё«—”,Ќ”«гн,29.96754265,53.87240601
Ё«—”,Ќ”д ¬»«ѕ,30.51979637,52.45603943
Ё«—”,ќ«де “дн«д,29.67118645,52.14970398
Ё«—”,ќ«ж—«д,28.93893814,53.31309509
Ё«—”,ќ—«ге,29.49304962,53.31003189
Ё«—”,ќ‘ ,29.55426025,51.33544159
Ё«—”,ќдћ,27.89233208,53.42961502
Ё«—”,ќж—,27.64462852,54.34395218
Ё«—”,ќжге “«—,30.00632477,51.57812119
Ё«—”,ѕ«—«»,28.75426102,54.54712296
Ё«—”,ѕ«—н«д,29.56033134,52.92008972
Ё«—”,ѕ»н—«д,28.39616203,54.18682861
Ё«—”,ѕОя—ѕ,30.71361351,51.95794296
Ё«—”,ѕж»—ћн,28.30734062,55.19250488
Ё«—”,ѕж“е,28.70108604,52.95849228
Ё«—”,ѕе—г,28.49329376,52.30422211
Ё«—”,—«гћ—ѕ,30.0748806,52.59263611
Ё«—”,—ждн“,29.19205666,53.76940155
Ё«—”,“«еѕ‘е—,28.74662971,53.80464935
Ё«—”,“—ё«д,29.77383232,52.72177887
Ё«—”,”ѕе,30.71057892,52.17611694
Ё«—”,”—ж” «д,29.26302719,53.22387314
Ё«—”,”Џ«ѕ  ‘е—,30.07427406,53.13613129
Ё«—”,”ж—гё,31.03448868,52.83955765
Ё«—”,”нѕ«д,30.0044632,53.00567627
Ё«—”,‘‘ѕе,28.94964218,53.99575806
Ё«—”,‘е— ћѕнѕ ’ѕ—«,29.80101395,52.50849533
Ё«—”,‘е—Бн—,28.3116951,54.33503342
Ё«—”,‘н—«“,29.55689049,52.5291214
Ё«—”,’џ«ѕ,31.19107056,52.51543427
Ё«—”,’Ё«‘е—,30.61366653,53.19872284
Ё«—”,Џб«г—жѕ‘ ,27.62446213,53.00065994
Ё«—”,Џг«ѕѕе,27.44464493,53.86183548
Ё«—”,Ёѕ«гн,28.21680832,55.13514328
Ё«—”,Ё—«‘»дѕ,28.85889053,52.09375
Ё«—”,Ё”«,28.91972542,53.6376915
Ё«—”,Ён—ж“¬»«ѕ,28.84885597,52.56980133
Ё«—”,ё«ѕ—¬»«ѕ,30.28066635,53.25508881
Ё«—”,ё«∆гне,29.84431648,51.59110641
Ё«—”,ёЎ» ¬»«ѕ,28.64067459,53.63947296
Ё«—”,ёЎ—жне,29.14603615,54.70355225
Ё«—”,ён—,28.474617,53.04390335
Ё«—”,я«—“нд,28.4087162,53.10852432
Ё«—”,я«“—жд,29.60374641,51.65179825
Ё«—”,я«гЁн—ж“,30.32198334,52.19429398
Ё«—”,я—е «н,30.02972603,53.71575546
Ё«—”,яд«— ќ е,29.53391266,51.39491653
Ё«—”,яж«—,29.19608498,52.68671799
Ё«—”,яжедћ«д,29.2311306,52.95619202
Ё«—”,Р—«‘,27.66714287,54.14503479
Ё«—”,Рбе ѕ«—,27.64880753,52.66020584
Ё«—”,б«—,27.6426487,54.32035828
Ё«—”,б«г—ѕ,27.3299675,53.18791962
Ё«—”,бБж∆н,29.79907227,52.65207291
Ё«—”,бЎнЁн,27.68995857,54.38670349
Ё«—”,г»«—я ¬»«ѕ,28.36018181,53.32870102
Ё«—”,г—жѕ‘ ,29.85951042,52.81027222
Ё«—”,г‘я«д,29.47281647,54.34591293
Ё«—”,г’н—н,30.24431038,51.52890396
Ё«—”,ге—,27.55045891,52.8838501
Ё«—”,гнгдѕ,28.86828804,52.75091553
Ё«—”,дж»дѕР«д,28.85382271,53.8259201
Ё«—”,джћнд,29.12537384,52.01348877
Ё«—”,джѕ«д,29.80166054,51.69422913
Ё«—”,дж—¬»«ѕ,30.11481667,51.52225113
Ё«—”,дн —н“,29.19792175,54.32265472
Ё«—”,ж—«жн,27.46503258,53.05218506
Ё«—”,ег«‘е—,30.1154232,52.087677
ё“жнд,«—ѕ«ё,36.05335617,49.82441711
ё“жнд,«”Ё—ж—нд,35.93508148,49.7502861
ё“жнд,«ё»«бне,36.23208618,49.92666245
ё“жнд,«бждѕ,36.17034149,50.0741539
ё“жнд,¬»Р—г,35.75740051,49.2872963
ё“жнд,¬»ня,36.03989029,50.52969742
ё“жнд,¬жћ,35.57978058,49.2218399
ё“жнд,»ж∆нд “е—«,35.75715256,50.06196976
ё“жнд,»нѕ” «д,36.23126602,50.12140274
ё“жнд, «я” «д,36.07141876,49.69615936
ё“жнд,ќ«яЏбн,36.12889099,50.17577744
ё“жнд,ќ—гѕ‘ ,35.9298439,49.51174545
ё“жнд,ѕ«д”Ёе«д,35.81162643,49.74360275
ё“жнд,—«“гн«д,36.53649139,50.21233749
ё“жнд,”Р“¬»«ѕ,35.76412964,49.9394722
ё“жнд,”н—ѕ«д,36.65159225,49.18821335
ё“жнд,‘«б,35.89759827,49.76836777
ё“жнд,‘—нЁне,36.2034111,50.1513443
ё“жнд,÷н«Ѕ¬»«ѕ,35.99550629,49.44933701
ё“жнд,ё“жнд,36.28174591,50.00196838
ё“жнд,яженд,36.37286758,49.65810776
ё“жнд,гЌгѕне,36.2240181,50.18258667
ё“жнд,гЌгжѕ¬»«ѕдгжде,36.29042053,49.9026413
ё“жнд,гЏбг яб«не,36.44727707,50.47819519
ё“жнд,д—ће,35.99202347,49.62033081
ёг,ћЏЁ—не,34.77463913,50.51660538
ёг,ѕ” ћ—ѕ,34.55284882,50.24821854
ёг,”бЁНР«д,34.47826385,50.45762634
ёг,ёг,34.59394836,50.87429047
ёг,ёдж« ,34.61101151,51.02547073
ёг,яея,34.39292526,50.86410904
я—ѕ” «д,¬—г—ѕе,35.92939377,45.79673004
я—ѕ” «д,»«»«—‘«дн,35.67422485,47.79747391
я—ѕ” «д,»«де,35.99573135,45.88861465
я—ѕ” «д,»б»«д ¬»«ѕ,35.13714218,47.32099152
я—ѕ” «д,»ж∆нд ”Ёбн,35.9389801,45.93625259
я—ѕ” «д,»нћ«—,35.88286209,47.61825943
я—ѕ” «д,Нд«—е,35.63011932,46.3091011
я—ѕ” «д,ѕ“ћ,35.06471634,47.96392441
я—ѕ” «д,ѕб»—«д,35.23840332,47.98857117
я—ѕ” «д,ѕеРб«д,35.27833557,47.41890335
я—ѕ” «д,ѕнж«дѕ—е,35.91249084,47.02490616
я—ѕ” «д,“—нде,36.06072617,46.91876602
я—ѕ” «д,”—ж¬»«ѕ,35.3117981,46.36698914
я—ѕ” «д,”—н‘ ¬»«ѕ,35.24881363,47.77849197
я—ѕ” «д,”ё“,36.24411774,46.27292252
я—ѕ” «д,”ддѕћ,35.24031448,47.00640869
я—ѕ” «д,‘жн‘е,35.3529129,46.67845535
я—ѕ” «д,’«Ќ»,36.20309448,46.46185684
я—ѕ” «д,ё—же,35.16360092,47.81004333
я—ѕ” «д,я«гн«—«д,34.79716873,46.93946457
я—ѕ” «д,я«дн ѕнд«—,35.46753311,46.20333862
я—ѕ” «д,я«дн ”ж—,36.05905914,45.74882126
я—ѕ” «д,г—нж«д,35.51787186,46.18096924
я—ѕ” «д,гжН‘,35.05914307,47.15448761
я—ѕ” «д,н«”жядѕ,36.28339386,47.74681473
я—г«д,«ќ н«—¬»«ѕ,30.31972313,56.91827774
я—г«д,«—“ж∆не,28.45792961,56.36352539
я—г«д,«гнд ‘е—,30.8438282,55.33936691
я—г«д,«д«—,30.87254906,55.27162933
я—г«д,«дѕжећ—ѕ,30.23103142,57.75406265
я—г«д,»«џнд,30.18938255,56.81322479
я—г«д,»«Ё ,29.23217583,56.59699249
я—г«д,»—ѕ”н—,29.92410088,56.57876968
я—г«д,»—ж« ,29.04700661,58.40858841
я—г«д,»“дћ«д,29.25483513,56.69428253
я—г«д,»г,29.06779861,58.34861755
я—г«д,»е—г«д,30.90431786,55.72738647
я—г«д,Б«—н“,29.87262154,55.75054169
я—г«д,ћ»«б»«—“,28.90602112,57.88274765
я—г«д,ћжБ«—,30.05652428,57.11240387
я—г«д,ћж“г,30.51511955,55.03173447
я—г«д,ћн—Ё ,28.68039322,57.74197388
я—г«д,Н —жѕ,30.60101891,56.90916824
я—г«д,ќ« жд ¬»«ѕ,29.9971447,55.41994476
я—г«д,ќ«джя,30.71772003,56.77554321
я—г«д,ќж—”дѕ,30.15340042,55.08758163
я—г«д,ѕ—» »е‘ ,29.23355484,57.33667374
я—г«д,ѕж”«—н,28.42318916,57.9446907
я—г«д,ѕећ,30.68716621,54.87817764
я—г«д,—«»—,29.28990936,56.91295624
я—г«д,—«ж—,31.24226189,56.79842377
я—г«д,—«нд,29.59888077,57.43511581
я—г«д,—Ё”дћ«д,30.37527657,55.98764801
я—г«д,—жѕ»«—,28.0208168,57.99457932
я—г«д,—нЌ«д ‘е—,30.75133705,56.73608017
я—г«д,“—дѕ,30.81172752,56.55187225
я—г«д,“дРн ¬»«ѕ,30.41259766,56.91473389
я—г«д,“нѕ¬»«ѕ,29.59856987,55.53490829
я—г«д,”—Н‘ге,29.99733734,55.79472351
я—г«д,”н—ћ«д,29.43761635,55.67490768
я—г«д,‘еѕ«ѕ,30.41668129,57.70170975
я—г«д,‘е—»«»я,30.11832619,55.12078857
я—г«д,’Ё«∆не,30.82782364,55.81137848
я—г«д,Џд»—¬»«ѕ,28.47891808,57.84252548
я—г«д,Ё«—н«»,28.09708405,57.22827911
я—г«д,Ёе—ћ,28.94784355,58.88511276
я—г«д,ёбЏе Рдћ,27.51635361,57.8829689
я—г«д,я«ўг ¬»«ѕ,30.56055641,56.84365845
я—г«д,я—г«д,30.28140259,57.06418228
я—г«д,я‘яж∆не,30.5305233,55.64461899
я—г«д,яже»д«д,31.41319847,56.27933502
я—г«д,яеджћ,27.92245483,57.69707489
я—г«д,ян«д‘е—,31.15600395,56.38111115
я—г«д,Рб»«Ё,29.88442039,57.73108673
я—г«д,Рб“«—,29.7112484,57.04011154
я—г«д,б«бе “«—,29.52295113,56.81635284
я—г«д,г«е«д,30.05790901,57.28974533
я—г«д,гЌгѕ¬»«ѕ,28.64166832,59.0174675
я—г«д,гЌн ¬»«ѕ,30.07167435,57.23011017
я—г«д,г—ѕея,28.34990883,58.15991974
я—г«д,гджћ«д,27.40366745,57.49675751
я—г«д,дћЁ ‘е—,29.39123344,55.72056961
я—г«д,д—г«‘н—,28.95152855,58.69940567
я—г«д,дў«г ‘е—,28.91307068,58.55143356
я—г«д,дР«—,29.85721779,56.80291748
я—г«д,джѕО,27.52715683,57.44942474
я—г«д,ећѕя,30.75760651,56.99620438
я—г«д,ег«‘е—,29.6626358,55.80966568
я—г«д,н“ѕ«д ‘е—,30.8664341,56.37589264
я—г«д‘«е,«“Рбе,34.83340073,45.84191895
я—г«д‘«е,«”б«г ¬»«ѕџ—»,34.10961533,46.52056885
я—г«д‘«е,»«ндР«д,34.98140717,46.27041245
я—г«д‘«е,»н” жд,34.39458466,47.44768524
я—г«д‘«е,Б«же,35.02669144,46.36696625
я—г«д‘«е, «“е ¬»«ѕ,34.73862076,46.15161514
я—г«д‘«е,ћж«д—жѕ,34.80616379,46.49219131
я—г«д‘«е,Ќгнб,33.93801117,46.7728653
я—г«д‘«е,—»«Ў,34.26859283,46.80641174
я—г«д‘«е,—ж«д”—,34.71617889,46.65607071
я—г«д‘«е,”—Бб –е«»,34.44868088,45.86302567
я—г«д‘«е,”—г” ,34.02695465,46.33175278
я—г«д‘«е,”Ў—,34.81338882,47.46087646
я—г«д‘«е,”дё—,34.76270676,47.59963226
я—г«д‘«е,”жг«—,33.86553574,45.64097214
я—г«д‘«е,‘«еж,34.93078995,46.46110916
я—г«д‘«е,’Ќде,34.47551727,47.68521881
я—г«д‘«е,ё’—‘н—нд,34.50753021,45.58929062
я—г«д‘«е,я—г«д‘«е,34.31409454,47.09714127
я—г«д‘«е,я—дѕџ—»,34.2787056,46.23203659
я—г«д‘«е,ядР«ж—,34.50166702,47.96202087
я—г«д‘«е,яж“—«д,34.49576187,46.60207367
я—г«д‘«е,Реж«—е,34.34408188,46.41585922
я—г«д‘«е,Рнб«дџ—»,34.14031982,45.92476654
я—г«д‘«е,гн«д —«е«д,34.58388138,47.44466782
я—г«д‘«е,джѕ‘е,35.18050385,46.25340652
я—г«д‘«е,дж”жѕ,35.15751266,46.20653915
я—г«д‘«е,е—”нд,34.27000427,47.58037567
я—г«д‘«е,еб‘н,34.1101532,47.09043121
яеРнбжне ж»жн—«Ќгѕ,»«‘ ,30.3621273,51.15632629
яеРнбжне ж»жн—«Ќгѕ,Б« «же,30.95257187,51.27075195
яеРнбжне ж»жн—«Ќгѕ,Н—«г,30.75547218,50.74684143
яеРнбжне ж»жн—«Ќгѕ,Нн «»,30.79491806,51.32473755
яеРнбжне ж»жн—«Ќгѕ,ѕжРд»ѕ«д,30.36346245,50.78301239
яеРнбжне ж»жн—«Ќгѕ,ѕеѕ‘ ,30.79521179,50.56335068
яеРнбжне ж»жн—«Ќгѕ,ѕн‘гжя,31.29852295,50.40176773
яеРнбжне ж»жн—«Ќгѕ,”жё,30.85565186,50.45983887
яеРнбжне ж»жн—«Ќгѕ,”н ”ќ ,30.85756493,51.45872879
яеРнбжне ж»жн—«Ќгѕ,ёбЏе —∆н”н,31.19034767,50.44401169
яеРнбжне ж»жн—«Ќгѕ,Р—«» ”Ёбн,30.94458199,50.89936829
яеРнбжне ж»жн—«Ќгѕ,бдѕе,30.98266792,50.41968918
яеРнбжне ж»жн—«Ќгѕ,бняя,30.89718437,50.09283447
яеРнбжне ж»жн—«Ќгѕ,г«ѕж«д,30.71214867,51.55456543
яеРнбжне ж»жн—«Ќгѕ,г«—Ржд,30.99334145,51.07814026
яеРнбжне ж»жн—«Ќгѕ,н«”жћ,30.65676308,51.58242416
Рб” «д,«д»«—¬бжг,37.13272476,54.61863327
Рб” «д,«ндНе »—жд,37.45383453,54.71900177
Рб” «д,¬“«ѕ‘е—,37.08663177,55.16947937
Рб” «д,¬ё ёб«,37.00954056,54.45674515
Рб” «д,»дѕ—Р“,36.75405884,53.95071411
Рб” «д, —ягд,36.90301132,54.07501984
Рб” «д,ћбнд,36.85464478,54.53674316
Рб” «д,ќ«д »»нд,37.01268005,54.98781586
Рб” «д,ѕбдѕ,37.0352478,55.04225922
Рб” «д,—«гн«д,37.01845169,55.1420784
Рб” «д,”—ќдяб« е,36.88298035,54.56939316
Рб” «д,”нгнд ‘е—,37.01129913,54.23209
Рб” «д,Џбн ¬»«ѕ,36.91240311,54.85770035
Рб” «д,Ё«÷б ¬»«ѕ,36.89946747,54.75127029
Рб” «д,я—ѕяжн,36.79452515,54.10991669
Рб” «д,яб«бе,37.38112259,55.4916153
Рб” «д,Р«бня‘,37.27040482,55.43107224
Рб” «д,Р—Р«д,36.84519958,54.42879868
Рб” «д,Ргн‘  Бе,37.07165909,54.07542038
Рб” «д,Рд»ѕ я«жж”,37.24781418,55.17573929
Рб” «д,г—«же  Бе,37.90470886,55.96172714
Рб” «д,гнджѕ‘ ,37.22966003,55.37508774
Рб” «д,дРнд ‘е—,37.13905716,55.16414642
Рб” «д,джѕе ќ«дѕж“,37.07626724,55.26222229
Рб” «д,джядѕе,36.73976517,53.91312027
Рнб«д,«Ќгѕ”—Рж—«»,37.13359833,49.36792755
Рнб«д,«”«бг,37.73570251,48.94587326
Рнб«д,«Ў«ёж—,37.11016846,50.11386871
Рнб«д,«гб‘,37.08721161,50.19102859
Рнб«д,¬” «—«,38.38718033,48.86924744
Рнб«д,¬” «де «‘—Ёне,37.26359177,49.94490814
Рнб«д,»«“«—ћгЏе,37.40681839,49.11826706
Рнб«д,»—е ”—,36.77672577,49.75241089
Рнб«д,»дѕ—«д“бн,37.46670532,49.46269989
Рнб«д,Б—е ”—,37.6034317,49.06938171
Рнб«д, ж я«»д,36.89390945,49.5256691
Рнб«д,ћн—дѕе,36.70132828,49.79056168
Рнб«д,Н«»я”—,36.97463989,50.55472183
Рнб«д,Н«Ё жНгќ«бе,37.216465,50.22565842
Рнб«д,Нж»—,37.08962631,49.42182541
Рнб«д,Ќжнё,38.15422058,48.89034653
Рнб«д,ќ‘я»нћ«—,37.37414551,49.75869751
Рнб«д,ќг«г,37.38215256,49.65184402
Рнб«д,ѕнбг«д,36.88354111,49.90714264
Рнб«д,—«дяже,37.04977417,50.23648453
Рнб«д,—Ќнг ¬»«ѕ,37.03316498,50.33705139
Рнб«д,—” г ¬»«ѕ,36.88407135,49.49157333
Рнб«д,—‘ ,37.28414536,49.59040833
Рнб«д,—÷ж«д‘е—,37.55055618,49.13970184
Рнб«д,—жѕ»«—,36.8066597,49.41897583
Рнб«д,—жѕ»де,37.2565918,50.00820541
Рнб«д,—жѕ”—,37.13264847,50.30025482
Рнб«д,”дР—,37.179142,49.69771576
Рнб«д,”н«еяб,37.15109253,49.87237167
Рнб«д,‘Ё ,37.16381454,49.40309143
Рнб«д,‘бг«д,37.15990067,50.21665192
Рнб«д,’жгЏе ”—«,37.30283356,49.32012177
Рнб«д,Ёжгд,37.22570038,49.31100082
Рнб«д,яб«Н«н,37.07468033,50.39940262
Рнб«д,яжН’Ёе«д,37.27716446,49.76813889
Рнб«д,яжгбе,37.15062714,50.17618179
Рнб«д,ян«‘е—,37.42233658,49.93053436
Рнб«д,Рж—«» “—гнќ,37.30015945,49.21863174
Рнб«д,б«енћ«д,37.20239258,50.01081848
Рнб«д,б‘  д‘«Ѕ,37.36238861,49.86184311
Рнб«д,бдР—жѕ,37.1956749,50.14742661
Рнб«д,бж‘«д,36.6312561,49.51477051
Рнб«д,бжбг«д,37.25234985,49.82508469
Рнб«д,бждѕжнб,38.30926895,48.86349106
Рнб«д,бн”«—,37.93748856,48.91623688
Рнб«д,г«”«б,37.3655014,49.13176727
Рнб«д,г«”жбе,37.15603638,48.98937988
Рнб«д,г—ћёб,37.28359985,49.37948608
Рнб«д,гдћнб,36.74129868,49.41854095
Рнб«д,ж«ћ«—Р«е,37.04175186,50.41373825
Рнб«д,е‘ Б—,37.79555893,48.9043808
б—” «д,«“д«,33.4573288,49.45421219
б—” «д,«‘ —нд«д,34.01740646,48.64218521
б—” «д,«б‘ —,33.86140823,48.25976563
б—” «д,«бнРжѕ—“,33.40154648,49.69316864
б—” «д,»—жћ—ѕ,33.89829254,48.75468063
б—” «д,Ббѕќ —,33.1529274,47.71431732
б—” «д,Н«б«дНжб«д,33.66461563,48.90665817
б—” «д,Нџбждѕн,33.64917374,48.55954361
б—” «д,Нё«»б,33.28184891,47.50801849
б—” «д,ќ—г ¬»«ѕ,33.45696259,48.34891129
б—” «д,ѕ—» Рд»ѕ,33.69076157,47.14829636
б—” «д,ѕж—жѕ,33.49420166,49.05680847
б—” «д,“«џе,33.49572754,48.70754623
б—” «д,”Бнѕѕ‘ ,33.21977615,48.88391113
б—” «д,”—«» ѕж—е,33.56311035,48.02005386
б—” «д,‘жб ¬»«ѕ,33.18558884,49.19091034
б—” «д,Ён—ж“¬»«ѕ,33.89903259,48.10310745
б—” «д,яжд«дн,33.40246964,47.32543945
б—” «д,яжеѕ‘ ,33.53415298,47.60846329
б—” «д,Р—«»,33.47413635,47.23699951
б—” «д,гЏгжб«д,33.37940979,47.96188354
б—” «д,гƒгд ¬»«ѕ,33.58478546,49.51848221
б—” «д,дж—¬»«ѕ,34.07039642,47.97319412
б—” «д,жн”н«д,33.48619843,48.03033829
б—” «д,еЁ  Н‘ге,34.20405579,47.75966263
г«“дѕ—«д,«гн—яб«,36.59878159,52.6627388
г«“дѕ—«д,«н“ѕ‘е—,36.60129166,52.13937759
г«“дѕ—«д,¬б«‘ ,36.06636047,52.83791351
г«“дѕ—«д,¬гб,36.47745514,52.35583496
г«“дѕ—«д,»«»б,36.52119446,52.67593002
г«“дѕ—«д,»«»б”—,36.69893646,52.64933777
г«“дѕ—«д,»бѕе,36.20122147,51.80610275
г«“дѕ—«д,»е‘е—,36.69554138,53.53464127
г«“дѕ—«д,»едгн—,36.67020416,52.7622757
г«“дѕ—«д,Бб ”Ёнѕ,36.11366653,53.0577507
г«“дѕ—«д,Бжб,36.39558029,51.58979416
г«“дѕ—«д, дя«»д,36.81513977,50.87436295
г«“дѕ—«д,ћжн»«—,36.64100647,52.89982605
г«“дѕ—«д,Н«бж”,36.65398788,51.42446899
г«“дѕ—«д,Нг” «д,36.48239899,52.1211319
г«“дѕ—«д,ќ—г ¬»«ѕ,36.7863121,50.86737442
г«“дѕ—«д,ќбнб ‘е—,36.70176315,53.63957214
г«“дѕ—«д,ќж‘ —жѕБн,36.37145996,52.5656929
г«“дѕ—«д,ѕ«»жѕ‘ ,36.4806633,52.45203781
г«“дѕ—«д,—«г”—,36.91598892,50.66233444
г«“дѕ—«д,—” гяб«,36.67808151,53.42604446
г«“дѕ—«д,—жн«д,36.57036591,51.96886063
г«“дѕ—«д,—нде,35.88198853,52.16975021
г«“дѕ—«д,“—Р— гЌбе,36.51618576,52.5744133
г«“дѕ—«д,“н—¬»,36.17964172,52.97468567
г«“дѕ—«д,”«—н,36.56688309,53.06001663
г«“дѕ—«д,”—ќ—жѕ,36.67657471,52.45679092
г«“дѕ—«д,”бг«д ‘е—,36.6990242,51.19995499
г«“дѕ—«д,”ж—я,36.59392166,53.21167374
г«“дѕ—«д,‘н—Р«е,36.28995132,52.88095093
г«“дѕ—«д,‘н—жѕ,36.84794998,50.79053116
г«“дѕ—«д,Џ»«” ¬»«ѕ,36.72123337,51.11597061
г«“дѕ—«д,Ё—нѕждяд«—,36.68280411,52.51668549
г«“дѕ—«д,Ё—нг,36.17418671,53.266922
г«“дѕ—«д,ё«∆г ‘е—,36.46435165,52.86508179
г«“дѕ—«д,я «бг ж”«ѕ«  ‘е—,36.8780632,50.71697235
г«“дѕ—«д,яб«—¬»«ѕ,36.69142914,51.26262665
г«“дѕ—«д,яб«—ѕ‘ ,36.49369431,51.14495468
г«“дѕ—«д,ябе »” ,36.63523483,52.62673569
г«“дѕ—«д,яжен ќнб,36.68581009,52.90699005
г«“дѕ—«д,ян«”—,36.23791504,53.53940582
г«“дѕ—«д,ян«яб«,36.58187485,52.81481934
г«“дѕ—«д,Р «»,36.41659546,52.65651321
г«“дѕ—«д,Р“дя,35.90294266,52.21924973
г«“дѕ—«д,РбжР«е,36.7251358,53.81105042
г«“дѕ—«д,гЌгжѕ¬»«ѕ,36.63143921,52.25236893
г«“дѕ—«д,г—“д ¬»«ѕ,36.44631577,51.29559326
г«“дѕ—«д,г—“няб«,36.364048,52.73585129
г«“дѕ—«д,д‘ «—жѕ,36.74822998,51.03511047
г«“дѕ—«д,дя«,36.65187454,53.29364777
г«“дѕ—«д,дж—,36.57307434,52.01588058
г«“дѕ—«д,дж‘е—,36.64708328,51.4998436
г—я“н,«—«я,34.09344864,49.7220993
г—я“н,¬” «де,33.88845825,49.35202026
г—я“н,¬‘ н«д,34.52359009,50.00579453
г—я“н,Б—дѕя,35.35950851,50.68057632
г—я“н, Ё—‘,34.68502045,50.02262878
г—я“н, ж—е,34.0461235,49.28879929
г—я“н,ћ«ж—”н«д,34.25661087,49.32698822
г—я“н,ќ‘я—жѕ,35.39956665,50.33560562
г—я“н,ќгнд,33.64107513,50.08030701
г—я“н,ќдѕ«»,34.38344955,49.18894196
г—я“н,ѕ«жѕ¬»«ѕ,34.29349136,49.85509872
г—я“н,ѕбнћ«д,33.99035645,50.68165588
г—я“н,—«“ё«д,35.33108902,49.95592499
г—я“н,“«жне,35.37210464,50.57035446
г—я“н,”«—жё,34.40793228,49.50768661
г—я“н,”«же,35.0253334,50.36492157
г—я“н,”дћ«д,34.05099869,49.62426376
г—я“н,‘«“дѕ,33.93370056,49.41087723
г—я“н,‘е—ћѕнѕге«ћ—«д,34.05187988,49.4342804
г—я“н,џ—ё ¬»«ѕ,35.10105896,49.83054352
г—я“н,Ё—генд,34.4960289,49.68437195
г—я“н,ёж—Нн »«‘н,33.67477798,49.87743378
г—я“н,я—е—жѕ,34.06370163,49.65003586
г—я“н,ягнћ«д,34.71912384,49.32233429
г—я“н,г√гждне,35.31093979,50.4972496
г—я“н,гЌб« ,33.90838242,50.45414352
г—я“н,гнб«ћ—ѕ,34.62127304,49.20958328
г—я“н,д—«ё,34.01171112,50.83797073
г—я“н,дж»—«д,35.12994385,49.70922852
г—я“н,днгж—,33.88691711,50.57363129
г—я“н,едѕжѕ—,33.77946091,49.23086548
е—г“Р«д,«»жгж”н,25.88346291,55.02985382
е—г“Р«д,»” я,27.19461441,54.36679459
е—г“Р«д,»дѕ—ћ«”я,25.65699577,57.80063248
е—г“Р«д,»дѕ—Н«—я,26.73349762,54.27341461
е—г“Р«д,»дѕ—Џ»«”,27.19265175,56.29146576
е—г“Р«д,»дѕ—бдРе,26.54753304,54.88892365
е—г“Р«д,»ня«е,27.3489151,57.1773262
е—г“Р«д,Б«—”н«д,27.20393944,53.04272461
е—г“Р«д, ќ ,27.50037193,56.63467789
е—г“Р«д,ћд«Ќ,27.01815414,54.28599548
е—г“Р«д,Ќ«ћн ¬»«ѕ,28.30921173,55.90161896
е—г“Р«д,ќгн—,26.95120621,55.58790207
е—г“Р«д,ѕ—Ре«д,26.96417618,56.06622314
е—г“Р«д,ѕе»«—“,27.44199562,57.19750214
е—г“Р«д,—жнѕ—,27.46556854,55.41753769
е—г“Р«д,“н«— Џбн,27.73999596,57.22634125
е—г“Р«д,”—ѕ‘  »‘«Р—ѕ,26.45518494,57.90121841
е—г“Р«д,”—Р“,27.9431839,56.65697861
е—г“Р«д,”дѕ—я,26.83678436,57.42654037
е—г“Р«д,”ж“«,26.7803154,56.06500244
е—г“Р«д,”н—ня,26.52111053,57.10928726
е—г“Р«д,Ё«—џ«д,28.00914574,56.25219727
е—г“Р«д,Ёнд,27.6335907,55.88210678
е—г“Р«д,ё‘г,26.94894218,56.27288055
е—г“Р«д,ёбЏе ё«÷н,27.44466782,56.54461288
е—г“Р«д,ядР,26.59617996,54.93657303
е—г“Р«д,яж‘яд«—,27.2517395,52.86735916
е—г“Р«д,ян‘,26.53342438,53.97384644
е—г“Р«д,Рже—«д,26.59462738,57.89758682
е—г“Р«д,гнд«»,27.09758759,57.07415009
е—г“Р«д,е—г“,27.09114075,56.45739746
е—г“Р«д,е‘ »дѕн,27.16456795,57.45123672
егѕ«д,«“дѕ—н«д,34.50163269,48.69296265
егѕ«д,«”ѕ¬»«ѕ,34.78535843,48.12166214
егѕ«д,»—“жб,34.2135582,48.26097107
егѕ«д,»е«—,34.89070511,48.44088364
егѕ«д, жн”—я«д,34.54904175,48.4481163
егѕ«д,ћж—ё«д,34.88180542,48.55279922
егѕ«д,ћжя«—,34.43160629,48.68609619
егѕ«д,ѕгё,35.43703461,48.82205582
егѕ«д,—“д,35.39064789,49.03511429
егѕ«д,“дРде,34.15483856,49.00841141
егѕ«д,”«гд,34.20925522,48.70354462
егѕ«д,”—я«д,34.59448242,48.44788742
егѕ«д,‘н—нд ”ж,35.49272537,48.45061111
егѕ«д,’«бЌ ¬»«ѕ,34.92208862,48.3430748
егѕ«д,Ё«гднд,35.11537552,48.97226715
егѕ«д,Ё—”Ёћ,34.4860611,48.28831863
егѕ«д,Ён—ж“«д,34.36055756,48.11615753
егѕ«д,ё—же ѕ— ћ“нд,35.31196594,49.10005188
егѕ«д,ёе«ждѕ,34.85839462,49.00336075
егѕ«д,я»жѕ—¬едР,35.20924377,48.72486877
егѕ«д,Рб  Бе,35.22013855,48.20539474
егѕ«д,Рн«д,34.17702484,48.24406815
егѕ«д,б«бћнд,34.97359467,48.47839737
егѕ«д,г—н«дћ,34.83189392,48.46326828
егѕ«д,гб«н—,34.2973175,48.81654739
егѕ«д,де«ждѕ,34.16820908,48.37550735
егѕ«д,егѕ«д,34.7918129,48.52614594
н“ѕ,«»—яже,31.13022423,53.27944946
н“ѕ,«Ќгѕ¬»«ѕ,32.35710526,53.99137115
н“ѕ,«—ѕя«д,32.30692291,54.01856232
н“ѕ,«‘я–—,32.00024414,54.20687866
н“ѕ,»«Ёё,31.60409164,55.39638138
н“ѕ,»Ё—ж∆не,32.27230835,53.99681091
н“ѕ,»е«»«ѕ,31.86797905,56.02648926
н“ѕ, Ё ,31.74265671,54.20771408
н“ѕ,Ќгнѕн«,31.81936646,54.39827728
н“ѕ,ќ÷—¬»«ѕ,31.86546516,53.95237732
н“ѕ,ѕнежя,33.28034973,57.51596832
н“ѕ,“«—Н,31.98426628,54.24261475
н“ѕ,‘«еѕне,31.94301033,54.28015518
н“ѕ,Ў»”,33.57518768,56.93533325
н“ѕ,Џ‘ё ¬»«ѕ,34.3663559,56.92831802
н“ѕ,Џёѕ«,32.4395256,53.63165665
н“ѕ,г—ж” ,30.46538544,54.21076965
н“ѕ,ге—ѕ‘ ,31.02316475,53.35573578
н“ѕ,ге—н“,31.55741882,54.43781662
н“ѕ,гн»ѕ,32.24225235,54.0181427
н“ѕ,дѕж‘д,32.02905273,53.54851532
н“ѕ,дн—,31.48485947,54.12881851
н“ѕ,е—« ,30.05081558,54.36970139
н“ѕ,н“ѕ,31.88352203,54.34774017
